name,path,text
3b49bebd433170c9631d09bb0dd56ffdb90d4fbe667ff55243bb5dfb43ac5483_001,/home/jovyan/old/liufenglin/DL3DV-ALL-960P/videos/1K/3b49bebd433170c9631d09bb0dd56ffdb90d4fbe667ff55243bb5dfb43ac5483/3b49bebd433170c9631d09bb0dd56ffdb90d4fbe667ff55243bb5dfb43ac5483_001.mp4,"The image shows a paved pathway leading through a park or garden area. There are trees on both sides of the path, providing a shaded walkway. On the right side of the path, there are two benches facing each other, suggesting a place for visitors to sit and enjoy the surroundings. The ground is covered with fallen leaves, indicating it might be autumn. The sky is clear, suggesting a sunny day. The overall setting appears to be peaceful and inviting, a place for relaxation and leisure. "
3b49bebd433170c9631d09bb0dd56ffdb90d4fbe667ff55243bb5dfb43ac5483_002,/home/jovyan/old/liufenglin/DL3DV-ALL-960P/videos/1K/3b49bebd433170c9631d09bb0dd56ffdb90d4fbe667ff55243bb5dfb43ac5483/3b49bebd433170c9631d09bb0dd56ffdb90d4fbe667ff55243bb5dfb43ac5483_002.mp4,"The image shows a paved area with two white benches situated on either side of a pathway. The benches are set against a backdrop of lush greenery, including trees and bushes, which suggests a park or garden setting. The sky is clear, indicating good weather. The overall scene is peaceful and inviting, likely a place for people to sit, relax, and enjoy the natural surroundings. "
3b49bebd433170c9631d09bb0dd56ffdb90d4fbe667ff55243bb5dfb43ac5483_003,/home/jovyan/old/liufenglin/DL3DV-ALL-960P/videos/1K/3b49bebd433170c9631d09bb0dd56ffdb90d4fbe667ff55243bb5dfb43ac5483/3b49bebd433170c9631d09bb0dd56ffdb90d4fbe667ff55243bb5dfb43ac5483_003.mp4,"The image shows a park or garden area with a paved pathway. There are two white benches on the pathway, one closer to the camera and the other further away. The pathway is lined with lush greenery, including trees and shrubs, which provide a natural and serene setting. In the background, there is a multi-story building with a yellow facade, suggesting it might be a residential or institutional building. The sky is clear, indicating good weather. The overall scene is peaceful and inviting, likely a place for relaxation and enjoyment of nature. "
3b49bebd433170c9631d09bb0dd56ffdb90d4fbe667ff55243bb5dfb43ac5483_004,/home/jovyan/old/liufenglin/DL3DV-ALL-960P/videos/1K/3b49bebd433170c9631d09bb0dd56ffdb90d4fbe667ff55243bb5dfb43ac5483/3b49bebd433170c9631d09bb0dd56ffdb90d4fbe667ff55243bb5dfb43ac5483_004.mp4,"The image shows a tranquil outdoor setting with a paved area that appears to be a park or a public space. There are two white benches facing each other, providing a place for people to sit and enjoy the surroundings. The benches are situated on a concrete pathway that leads to a building with a yellow facade, which could be a residential or institutional building. The area is lush with greenery, including trees and bushes, which adds to the serene atmosphere. The sky is clear, suggesting it might be a pleasant day. "
3b49bebd433170c9631d09bb0dd56ffdb90d4fbe667ff55243bb5dfb43ac5483_005,/home/jovyan/old/liufenglin/DL3DV-ALL-960P/videos/1K/3b49bebd433170c9631d09bb0dd56ffdb90d4fbe667ff55243bb5dfb43ac5483/3b49bebd433170c9631d09bb0dd56ffdb90d4fbe667ff55243bb5dfb43ac5483_005.mp4,"The image shows a park setting with a paved pathway leading towards a building with a flat roof. On the left side of the path, there is a bench facing the building, and on the right side, there is another bench facing the opposite direction. The area is lush with greenery, including trees and bushes, suggesting a well-maintained park or garden. The sky is clear, indicating good weather. "
3b49bebd433170c9631d09bb0dd56ffdb90d4fbe667ff55243bb5dfb43ac5483_006,/home/jovyan/old/liufenglin/DL3DV-ALL-960P/videos/1K/3b49bebd433170c9631d09bb0dd56ffdb90d4fbe667ff55243bb5dfb43ac5483/3b49bebd433170c9631d09bb0dd56ffdb90d4fbe667ff55243bb5dfb43ac5483_006.mp4,"The image shows a white bench situated in a park-like setting. The bench is surrounded by lush greenery, including trees and bushes, which suggests a peaceful and natural environment. In the background, there is a building with a yellow facade, which could be a residential or public building. The sky is clear, indicating good weather. The overall scene is serene and inviting, likely a place where people can sit and enjoy the outdoors. "
334f1fc830488ca63ca48c5dc4edf274839413c04f3d77faf25e46d83c73ba3f_001,/home/jovyan/old/liufenglin/DL3DV-ALL-960P/videos/1K/334f1fc830488ca63ca48c5dc4edf274839413c04f3d77faf25e46d83c73ba3f/334f1fc830488ca63ca48c5dc4edf274839413c04f3d77faf25e46d83c73ba3f_001.mp4,"The image shows a park setting with a pathway leading towards a body of water. On the right side of the path, there is a bench made of wood and metal, providing a place for visitors to sit and enjoy the view. The path is lined with trees and shrubs, and the overall atmosphere appears to be peaceful and serene. The sky is clear, suggesting it might be a sunny day. "
334f1fc830488ca63ca48c5dc4edf274839413c04f3d77faf25e46d83c73ba3f_002,/home/jovyan/old/liufenglin/DL3DV-ALL-960P/videos/1K/334f1fc830488ca63ca48c5dc4edf274839413c04f3d77faf25e46d83c73ba3f/334f1fc830488ca63ca48c5dc4edf274839413c04f3d77faf25e46d83c73ba3f_002.mp4,"The image shows a park setting with a wooden bench situated on a concrete path. The bench is surrounded by trees and shrubs, providing a natural and peaceful environment. The path appears to be a walking or jogging trail, and the overall atmosphere suggests a place for relaxation and enjoyment of nature. "
334f1fc830488ca63ca48c5dc4edf274839413c04f3d77faf25e46d83c73ba3f_003,/home/jovyan/old/liufenglin/DL3DV-ALL-960P/videos/1K/334f1fc830488ca63ca48c5dc4edf274839413c04f3d77faf25e46d83c73ba3f/334f1fc830488ca63ca48c5dc4edf274839413c04f3d77faf25e46d83c73ba3f_003.mp4,"The image shows a pathway lined with trees and shrubs. There is a bench on the right side of the path, providing a place for rest or contemplation. The path appears to be well-maintained, with a paved surface and a clear demarcation between the path and the surrounding greenery. The setting suggests a peaceful and natural environment, possibly within a park or a similar recreational area. "
334f1fc830488ca63ca48c5dc4edf274839413c04f3d77faf25e46d83c73ba3f_004,/home/jovyan/old/liufenglin/DL3DV-ALL-960P/videos/1K/334f1fc830488ca63ca48c5dc4edf274839413c04f3d77faf25e46d83c73ba3f/334f1fc830488ca63ca48c5dc4edf274839413c04f3d77faf25e46d83c73ba3f_004.mp4,"The image shows a park bench situated on a concrete pathway. The bench appears to be made of wood and metal, with a white seat and backrest. The pathway is lined with grass and there are trees and shrubs in the background, suggesting a peaceful and natural setting, likely within a park or a similar outdoor recreational area. "
